image_filename,image_timestamp,match_count
IMG_20191110_103543.jpg,2019-11-10 10:35:43,8298
IMG_20191110_103846.jpg,2019-11-10 10:38:46,8660
IMG_20191110_105409.jpg,2019-11-10 10:54:09,10446
IMG_20191110_105430.jpg,2019-11-10 10:54:30,10462
IMG_20191110_105515.jpg,2019-11-10 10:55:15,10512
IMG_20191110_110724.jpg,2019-11-10 11:07:24,10474
IMG_20191110_110839.jpg,2019-11-10 11:08:39,10497
IMG_20191110_112028.jpg,2019-11-10 11:20:28,9817
IMG_20191110_112111.jpg,2019-11-10 11:21:11,9775
IMG_20191110_113910.jpg,2019-11-10 11:39:10,9680
IMG_20191110_113949.jpg,2019-11-10 11:39:49,9663
IMG_20191110_114703.jpg,2019-11-10 11:47:03,9210
IMG_20191110_114804.jpg,2019-11-10 11:48:04,9092
IMG_20191110_120019.jpg,2019-11-10 12:00:19,8352
IMG_20191110_120022.jpg,2019-11-10 12:00:22,8356
IMG_20191110_120058.jpg,2019-11-10 12:00:58,8389
IMG_20191110_121435.jpg,2019-11-10 12:14:35,8741
IMG_20191110_121508.jpg,2019-11-10 12:15:08,8773
IMG_20191110_122917.jpg,2019-11-10 12:29:17,10601
IMG_20191110_122946.jpg,2019-11-10 12:29:46,10655
IMG_20191110_124200.jpg,2019-11-10 12:42:00,11516
IMG_20191110_124246.jpg,2019-11-10 12:42:46,11498
IMG_20191110_125257.jpg,2019-11-10 12:52:57,10857
IMG_20191110_131019.jpg,2019-11-10 13:10:19,10208
IMG_20191110_131057.jpg,2019-11-10 13:10:57,10245
IMG_20191110_132035.jpg,2019-11-10 13:20:35,10839
IMG_20191110_132152.jpg,2019-11-10 13:21:52,10929
IMG_20191110_133330.jpg,2019-11-10 13:33:30,10170
IMG_20191110_133404.jpg,2019-11-10 13:34:04,10102
IMG_20191110_134129.jpg,2019-11-10 13:41:29,9425
IMG_20191110_134212.jpg,2019-11-10 13:42:12,9384
IMG_20191110_134641.jpg,2019-11-10 13:46:41,9609
IMG_20191110_134726.jpg,2019-11-10 13:47:26,9687
